"id","action","description","user_id","created_at","updated_at","deleted_at"
"1","Create Timetable for Lab 01","Created TimeTable","7","2022-02-04 12:46:41",NULL,NULL
"2","Create Timetable for Lab 02","Created TimeTable","7","2022-02-04 12:46:41",NULL,NULL
"3","Create Timetable for Lab 03","Created TimeTable","7","2022-02-04 12:46:41",NULL,NULL
"4","Create Timetable for Lab 04","Created TimeTable","7","2022-02-04 12:46:41",NULL,NULL
"5","Create Timetable for Lab 05","Created TimeTable","7","2022-02-04 12:46:41",NULL,NULL
"6","Create Timetable for Lab 06","Created TimeTable","7","2022-02-04 12:46:41",NULL,NULL
"7","Create Timetable for Lab 07","Created TimeTable","7","2022-02-04 12:46:41",NULL,NULL
"8","Create Timetable for Lab 08","Created TimeTable","7","2022-02-04 12:46:41",NULL,NULL
"9","Create Timetable for Lab 09","Created TimeTable","7","2022-02-04 12:46:41",NULL,NULL
"10","Create Timetable for Lab 10","Created TimeTable","7","2022-02-04 12:46:41",NULL,NULL
"11","Create Timetable for Lab 11","Created TimeTable","6","2022-02-04 12:46:41",NULL,NULL
"12","Create Timetable for Lab 12","Created TimeTable","6","2022-02-04 12:46:42",NULL,NULL
"13","Create Timetable for Lab 13","Created TimeTable","6","2022-02-04 12:46:42",NULL,NULL
"14","Create Timetable for Lab 14","Created TimeTable","6","2022-02-04 12:46:42",NULL,NULL
"15","Create Timetable for Lab 15","Created TimeTable","6","2022-02-04 12:46:42",NULL,NULL
"16","Create Timetable for Lab 16","Created TimeTable","6","2022-02-04 12:46:42",NULL,NULL
"17","Create Timetable for Lab 17","Created TimeTable","6","2022-02-04 12:46:42",NULL,NULL
"18","Create Timetable for Lab 18","Created TimeTable","6","2022-02-04 12:46:42",NULL,NULL
"19","Create Timetable for Lab 19","Created TimeTable","6","2022-02-04 12:46:42",NULL,NULL
"20","Create Timetable for Lab 20","Created TimeTable","6","2022-02-04 12:46:42",NULL,NULL
